event,start_date,start_time,end_date,end_time
Job Openings and Labor Turnover Survey,2023-01-05, 12:00:00,2023-01-05, 12:00:00
Employment Situation,2023-01-06,10:30:00,2023-01-06,10:30:00
Consumer Price Index,2023-01-12,10:30:00,2023-01-12,10:30:00
Real Earnings,2023-01-12,10:30:00,2023-01-12,10:30:00
U.S. Import and Export Price Indexes,2023-01-13,10:30:00,2023-01-13,10:30:00
Producer Price Index,2023-01-18,10:30:00,2023-01-18,10:30:00
Union Membership (Annual),2023-01-20, 12:00:00,2023-01-20, 12:00:00
Usual Weekly Earnings of Wage and Salary Workers,2023-01-20, 12:00:00,2023-01-20, 12:00:00
State Job Openings and Labor Turnover,2023-01-21, 12:00:00,2023-01-21, 12:00:00
State Employment and Unemployment (Monthly),2023-01-25, 12:00:00,2023-01-25, 12:00:00
Quarterly Data Series on Business Employment Dynamics,2023-01-26, 12:00:00,2023-01-26, 12:00:00
Employment Cost Index,2023-01-31,10:30:00,2023-01-31,10:30:00
Metropolitan Area Employment and Unemployment (Monthly),2023-02-02, 12:00:00,2023-02-02, 12:00:00
Job Openings and Labor Turnover Survey,2023-02-02, 12:00:00,2023-02-02, 12:00:00
Productivity and Costs,2023-02-02,10:30:00,2023-02-02,10:30:00
Employment Situation,2023-02-03,10:30:00,2023-02-03,10:30:00
Real Earnings,2023-02-14,10:30:00,2023-02-14,10:30:00
Consumer Price Index,2023-02-14,10:30:00,2023-02-14,10:30:00
State Job Openings and Labor Turnover,2023-02-16, 12:00:00,2023-02-16, 12:00:00
Producer Price Index,2023-02-16,10:30:00,2023-02-16,10:30:00
U.S. Import and Export Price Indexes,2023-02-17,10:30:00,2023-02-17,10:30:00
County Employment and Wages,2023-02-23, 12:00:00,2023-02-23, 12:00:00
Major Work Stoppages (Annual),2023-02-23, 12:00:00,2023-02-23, 12:00:00
Persons with a Disability: Labor Force Characteristics,2023-02-24, 12:00:00,2023-02-24, 12:00:00
State Unemployment (Annual),2023-03-02, 12:00:00,2023-03-02, 12:00:00
Productivity and Costs,2023-03-02,10:30:00,2023-03-02,10:30:00
Job Openings and Labor Turnover Survey,2023-03-09, 12:00:00,2023-03-09, 12:00:00
Employment Situation,2023-03-10,10:30:00,2023-03-10,10:30:00
State Employment and Unemployment (Monthly),2023-03-13,11:00:00,2023-03-13,11:00:00
Real Earnings,2023-03-14,9:30:00,2023-03-14,9:30:00
Consumer Price Index,2023-03-14,9:30:00,2023-03-14,9:30:00
Producer Price Index,2023-03-15,9:30:00,2023-03-15,9:30:00
U.S. Import and Export Price Indexes,2023-03-16,9:30:00,2023-03-16,9:30:00
Employer Costs for Employee Compensation,2023-03-17,11:00:00,2023-03-17,11:00:00
Metropolitan Area Employment and Unemployment (Monthly),2023-03-17,11:00:00,2023-03-17,11:00:00
Employment Situation of Veterans,2023-03-21,11:00:00,2023-03-21,11:00:00
State Job Openings and Labor Turnover,2023-03-21,11:00:00,2023-03-21,11:00:00
"Telework, Hiring, and Vacancies",2023-03-22,11:00:00,2023-03-22,11:00:00
Total Factor Productivity,2023-03-23,11:00:00,2023-03-23,11:00:00
State Employment and Unemployment (Monthly),2023-03-24,11:00:00,2023-03-24,11:00:00
Characteristics of Unemployment Insurance Applicants and Benefit Recipients,2023-03-29,11:00:00,2023-03-29,11:00:00
Job Openings and Labor Turnover Survey,2023-04-04,11:00:00,2023-04-04,11:00:00
Metropolitan Area Employment and Unemployment (Monthly),2023-04-05,11:00:00,2023-04-05,11:00:00
Employment Situation,2023-04-07,9:30:00,2023-04-07,9:30:00
Consumer Price Index,2023-04-12,9:30:00,2023-04-12,9:30:00
Real Earnings,2023-04-12,9:30:00,2023-04-12,9:30:00
Producer Price Index,2023-04-13,9:30:00,2023-04-13,9:30:00
U.S. Import and Export Price Indexes,2023-04-14,9:30:00,2023-04-14,9:30:00
Usual Weekly Earnings of Wage and Salary Workers,2023-04-18,11:00:00,2023-04-18,11:00:00
State Job Openings and Labor Turnover,2023-04-19,11:00:00,2023-04-19,11:00:00
Employment Characteristics of Families,2023-04-19,11:00:00,2023-04-19,11:00:00
State Employment and Unemployment (Monthly),2023-04-21,11:00:00,2023-04-21,11:00:00
Occupational Employment and Wages,2023-04-25,11:00:00,2023-04-25,11:00:00
College Enrollment and Work Activity of High School Graduates,2023-04-26,11:00:00,2023-04-26,11:00:00
Quarterly Data Series on Business Employment Dynamics,2023-04-26,11:00:00,2023-04-26,11:00:00
Productivity and Costs by Industry: Manufacturing and Mining Industries,2023-04-27,11:00:00,2023-04-27,11:00:00
Employment Cost Index,2023-04-28,9:30:00,2023-04-28,9:30:00
Job Openings and Labor Turnover Survey,2023-05-02,11:00:00,2023-05-02,11:00:00
Metropolitan Area Employment and Unemployment (Monthly),2023-05-03,11:00:00,2023-05-03,11:00:00
Productivity and Costs,2023-05-04,9:30:00,2023-05-04,9:30:00
Employment Situation,2023-05-05,9:30:00,2023-05-05,9:30:00
Consumer Price Index,2023-05-10,9:30:00,2023-05-10,9:30:00
Real Earnings,2023-05-10,9:30:00,2023-05-10,9:30:00
Producer Price Index,2023-05-11,9:30:00,2023-05-11,9:30:00
U.S. Import and Export Price Indexes,2023-05-12,9:30:00,2023-05-12,9:30:00
State Job Openings and Labor Turnover,2023-05-17,11:00:00,2023-05-17,11:00:00
Labor Force Characteristics of Foreign-born Workers,2023-05-18,11:00:00,2023-05-18,11:00:00
State Employment and Unemployment (Monthly),2023-05-19,11:00:00,2023-05-19,11:00:00
County Employment and Wages,2023-05-24,11:00:00,2023-05-24,11:00:00
Productivity by State,2023-05-25,11:00:00,2023-05-25,11:00:00
Productivity and Costs by Industry: Wholesale Trade and Retail Trade,2023-05-25,11:00:00,2023-05-25,11:00:00
Metropolitan Area Employment and Unemployment (Monthly),2023-05-31,11:00:00,2023-05-31,11:00:00
Job Openings and Labor Turnover Survey,2023-05-31,11:00:00,2023-05-31,11:00:00
Productivity and Costs,2023-06-01,9:30:00,2023-06-01,9:30:00
Employment Situation,2023-06-02,9:30:00,2023-06-02,9:30:00
Consumer Price Index,2023-06-13,9:30:00,2023-06-13,9:30:00
Real Earnings,2023-06-13,9:30:00,2023-06-13,9:30:00
Producer Price Index,2023-06-14,9:30:00,2023-06-14,9:30:00
U.S. Import and Export Price Indexes,2023-06-15,9:30:00,2023-06-15,9:30:00
Employer Costs for Employee Compensation,2023-06-16,11:00:00,2023-06-16,11:00:00
State Employment and Unemployment (Monthly),2023-06-16,11:00:00,2023-06-16,11:00:00
State Job Openings and Labor Turnover,2023-06-21,11:00:00,2023-06-21,11:00:00
American Time Use Survey,2023-06-22,11:00:00,2023-06-22,11:00:00
Metropolitan Area Employment and Unemployment (Monthly),2023-06-28,11:00:00,2023-06-28,11:00:00
Productivity and Costs by Industry: Selected Service-Providing Industries,2023-06-29,11:00:00,2023-06-29,11:00:00
Job Openings and Labor Turnover Survey,2023-07-06,11:00:00,2023-07-06,11:00:00
Employment Situation,2023-07-07,9:30:00,2023-07-07,9:30:00
Real Earnings,2023-07-12,9:30:00,2023-07-12,9:30:00
Consumer Price Index,2023-07-12,9:30:00,2023-07-12,9:30:00
Producer Price Index,2023-07-13,9:30:00,2023-07-13,9:30:00
U.S. Import and Export Price Indexes,2023-07-14,9:30:00,2023-07-14,9:30:00
Usual Weekly Earnings of Wage and Salary Workers,2023-07-18,11:00:00,2023-07-18,11:00:00
State Employment and Unemployment (Monthly),2023-07-21,11:00:00,2023-07-21,11:00:00
State Job Openings and Labor Turnover,2023-07-26,11:00:00,2023-07-26,11:00:00
Quarterly Data Series on Business Employment Dynamics,2023-07-26,11:00:00,2023-07-26,11:00:00
Employment Cost Index,2023-07-28,9:30:00,2023-07-28,9:30:00
Job Openings and Labor Turnover Survey,2023-08-01,11:00:00,2023-08-01,11:00:00
Metropolitan Area Employment and Unemployment (Monthly),2023-08-02,11:00:00,2023-08-02,11:00:00
Productivity and Costs,2023-08-03,9:30:00,2023-08-03,9:30:00
Employment Situation,2023-08-04,9:30:00,2023-08-04,9:30:00
Consumer Price Index,2023-08-10,9:30:00,2023-08-10,9:30:00
Real Earnings,2023-08-10,9:30:00,2023-08-10,9:30:00
Producer Price Index,2023-08-11,9:30:00,2023-08-11,9:30:00
U.S. Import and Export Price Indexes,2023-08-15,9:30:00,2023-08-15,9:30:00
State Job Openings and Labor Turnover,2023-08-16,11:00:00,2023-08-16,11:00:00
Summer Youth Labor Force,2023-08-16,11:00:00,2023-08-16,11:00:00
State Employment and Unemployment (Monthly),2023-08-18,11:00:00,2023-08-18,11:00:00
"Number of Jobs, Labor Market Experience, Marital Status, and Health for those Born 1957-1964",2023-08-22,11:00:00,2023-08-22,11:00:00
County Employment and Wages,2023-08-23,11:00:00,2023-08-23,11:00:00
Job Openings and Labor Turnover Survey,2023-08-29,11:00:00,2023-08-29,11:00:00
Metropolitan Area Employment and Unemployment (Monthly),2023-08-30,11:00:00,2023-08-30,11:00:00
Total Factor Productivity for Detailed Industries,2023-08-31,11:00:00,2023-08-31,11:00:00
Employment Situation,2023-09-01,9:30:00,2023-09-01,9:30:00
Employment Projections and Occupational Outlook Handbook,2023-09-06,11:00:00,2023-09-06,11:00:00
Productivity and Costs,2023-09-07,9:30:00,2023-09-07,9:30:00
Consumer Expenditures (Annual),2023-09-08,11:00:00,2023-09-08,11:00:00
Employer Costs for Employee Compensation,2023-09-12,11:00:00,2023-09-12,11:00:00
Consumer Price Index,2023-09-13,9:30:00,2023-09-13,9:30:00
Real Earnings,2023-09-13,9:30:00,2023-09-13,9:30:00
Producer Price Index,2023-09-14,9:30:00,2023-09-14,9:30:00
U.S. Import and Export Price Indexes,2023-09-15,9:30:00,2023-09-15,9:30:00
State Job Openings and Labor Turnover,2023-09-19,11:00:00,2023-09-19,11:00:00
State Employment and Unemployment (Monthly),2023-09-19,11:00:00,2023-09-19,11:00:00
Unpaid Eldercare in the United States ,2023-09-21,11:00:00,2023-09-21,11:00:00
Employee Benefits in the United States,2023-09-21,11:00:00,2023-09-21,11:00:00
Metropolitan Area Employment and Unemployment (Monthly),2023-09-27,11:00:00,2023-09-27,11:00:00
Job Openings and Labor Turnover Survey,2023-10-03,11:00:00,2023-10-03,11:00:00
Employment Situation,2023-10-06,9:30:00,2023-10-06,9:30:00
Producer Price Index,2023-10-11,9:30:00,2023-10-11,9:30:00
Real Earnings,2023-10-12,9:30:00,2023-10-12,9:30:00
Consumer Price Index,2023-10-12,9:30:00,2023-10-12,9:30:00
U.S. Import and Export Price Indexes,2023-10-13,9:30:00,2023-10-13,9:30:00
State Job Openings and Labor Turnover,2023-10-18,11:00:00,2023-10-18,11:00:00
Usual Weekly Earnings of Wage and Salary Workers,2023-10-18,11:00:00,2023-10-18,11:00:00
State Employment and Unemployment (Monthly),2023-10-20,11:00:00,2023-10-20,11:00:00
Quarterly Data Series on Business Employment Dynamics,2023-10-25,11:00:00,2023-10-25,11:00:00
Employment Cost Index,2023-10-31,9:30:00,2023-10-31,9:30:00
Job Openings and Labor Turnover Survey,2023-11-01,11:00:00,2023-11-01,11:00:00
Metropolitan Area Employment and Unemployment (Monthly),2023-11-01,11:00:00,2023-11-01,11:00:00
Productivity and Costs,2023-11-02,9:30:00,2023-11-02,9:30:00
Employment Situation,2023-11-03,9:30:00,2023-11-03,9:30:00
Employer-Reported Workplace Injuries and Illnesses (Annual),2023-11-09, 12:00:00,2023-11-09, 12:00:00
Consumer Price Index,2023-11-14,10:30:00,2023-11-14,10:30:00
Real Earnings,2023-11-14,10:30:00,2023-11-14,10:30:00
Producer Price Index,2023-11-15,10:30:00,2023-11-15,10:30:00
U.S. Import and Export Price Indexes,2023-11-16,10:30:00,2023-11-16,10:30:00
State Employment and Unemployment (Monthly),2023-11-18, 12:00:00,2023-11-18, 12:00:00
State Job Openings and Labor Turnover,2023-11-21, 12:00:00,2023-11-21, 12:00:00
County Employment and Wages,2023-11-22, 12:00:00,2023-11-22, 12:00:00
Total Factor Productivity for Major Industries,2023-11-22, 12:00:00,2023-11-22, 12:00:00
Metropolitan Area Employment and Unemployment (Monthly),2023-12-01, 12:00:00,2023-12-01, 12:00:00
Job Openings and Labor Turnover Survey,2023-12-06, 12:00:00,2023-12-06, 12:00:00
Productivity and Costs,2023-12-06,10:30:00,2023-12-06,10:30:00
Employment Situation,2023-12-08,10:30:00,2023-12-08,10:30:00
Real Earnings,2023-12-12,10:30:00,2023-12-12,10:30:00
Consumer Price Index,2023-12-12,10:30:00,2023-12-12,10:30:00
Producer Price Index,2023-12-13,10:30:00,2023-12-13,10:30:00
U.S. Import and Export Price Indexes,2023-12-14,10:30:00,2023-12-14,10:30:00
Employer Costs for Employee Compensation,2023-12-16, 12:00:00,2023-12-16, 12:00:00
State Job Openings and Labor Turnover,2023-12-16, 12:00:00,2023-12-16, 12:00:00
Census of Fatal Occupational Injuries,2023-12-20, 12:00:00,2023-12-20, 12:00:00
Work Experience of the Population (Annual),2023-12-20, 12:00:00,2023-12-20, 12:00:00
State Employment and Unemployment (Monthly),2023-12-23, 12:00:00,2023-12-23, 12:00:00
Job Openings and Labor Turnover Survey,2024-01-04, 12:00:00,2024-01-04, 12:00:00
Metropolitan Area Employment and Unemployment (Monthly),2024-01-05, 12:00:00,2024-01-05, 12:00:00
Employment Situation,2024-01-05,10:30:00,2024-01-05,10:30:00
Consumer Price Index,2024-01-11,10:30:00,2024-01-11,10:30:00
Real Earnings,2024-01-11,10:30:00,2024-01-11,10:30:00
Producer Price Index,2024-01-12,10:30:00,2024-01-12,10:30:00
U.S. Import and Export Price Indexes,2024-01-17,10:30:00,2024-01-17,10:30:00
State Job Openings and Labor Turnover,2024-01-19, 12:00:00,2024-01-19, 12:00:00
Usual Weekly Earnings of Wage and Salary Workers,2024-01-19, 12:00:00,2024-01-19, 12:00:00
Union Membership (Annual),2024-01-24, 12:00:00,2024-01-24, 12:00:00
State Employment and Unemployment (Monthly),2024-01-24, 12:00:00,2024-01-24, 12:00:00
Quarterly Data Series on Business Employment Dynamics,2024-01-31, 12:00:00,2024-01-31, 12:00:00
Job Openings and Labor Turnover Survey,2024-01-31, 12:00:00,2024-01-31, 12:00:00
Employment Cost Index,2024-01-31,10:30:00,2024-01-31,10:30:00
Productivity and Costs,2024-02-01,10:30:00,2024-02-01,10:30:00
Employment Situation,2024-02-02,10:30:00,2024-02-02,10:30:00
Metropolitan Area Employment and Unemployment (Monthly),2024-02-07, 12:00:00,2024-02-07, 12:00:00
Occupational Requirements in the United States  ,2024-02-09, 12:00:00,2024-02-09, 12:00:00
Real Earnings,2024-02-13,10:30:00,2024-02-13,10:30:00
Consumer Price Index,2024-02-13,10:30:00,2024-02-13,10:30:00
State Job Openings and Labor Turnover,2024-02-15, 12:00:00,2024-02-15, 12:00:00
U.S. Import and Export Price Indexes,2024-02-15,10:30:00,2024-02-15,10:30:00
Producer Price Index,2024-02-16,10:30:00,2024-02-16,10:30:00
County Employment and Wages,2024-02-22, 12:00:00,2024-02-22, 12:00:00
Major Work Stoppages (Annual),2024-02-22, 12:00:00,2024-02-22, 12:00:00
Persons with a Disability: Labor Force Characteristics,2024-02-23, 12:00:00,2024-02-23, 12:00:00
State Unemployment (Annual),2024-03-02, 12:00:00,2024-03-02, 12:00:00
Job Openings and Labor Turnover Survey,2024-03-07, 12:00:00,2024-03-07, 12:00:00
Productivity and Costs,2024-03-07,10:30:00,2024-03-07,10:30:00
Employment Situation,2024-03-08,10:30:00,2024-03-08,10:30:00
State Employment and Unemployment (Monthly),2024-03-11,11:00:00,2024-03-11,11:00:00
Consumer Price Index,2024-03-12,9:30:00,2024-03-12,9:30:00
Real Earnings,2024-03-12,9:30:00,2024-03-12,9:30:00
Metropolitan Area Employment and Unemployment (Monthly),2024-03-13,11:00:00,2024-03-13,11:00:00
Employer Costs for Employee Compensation,2024-03-13,11:00:00,2024-03-13,11:00:00
Producer Price Index,2024-03-14,9:30:00,2024-03-14,9:30:00
U.S. Import and Export Price Indexes,2024-03-15,9:30:00,2024-03-15,9:30:00
State Job Openings and Labor Turnover,2024-03-19,11:00:00,2024-03-19,11:00:00
Employment Situation of Veterans,2024-03-20,11:00:00,2024-03-20,11:00:00
State Employment and Unemployment (Monthly),2024-03-22,11:00:00,2024-03-22,11:00:00
Job Openings and Labor Turnover Survey,2024-04-02,11:00:00,2024-04-02,11:00:00
"Labor Market Experience, Education, Partner Status, and Health for those Born 1980-1984",2024-04-02,11:00:00,2024-04-02,11:00:00
Occupational Employment and Wages,2024-04-03,11:00:00,2024-04-03,11:00:00
Metropolitan Area Employment and Unemployment (Monthly),2024-04-03,11:00:00,2024-04-03,11:00:00
Employment Situation,2024-04-05,9:30:00,2024-04-05,9:30:00
Real Earnings,2024-04-10,9:30:00,2024-04-10,9:30:00
Consumer Price Index,2024-04-10,9:30:00,2024-04-10,9:30:00
Producer Price Index,2024-04-11,9:30:00,2024-04-11,9:30:00
U.S. Import and Export Price Indexes,2024-04-12,9:30:00,2024-04-12,9:30:00
Usual Weekly Earnings of Wage and Salary Workers,2024-04-16,11:00:00,2024-04-16,11:00:00
State Job Openings and Labor Turnover,2024-04-17,11:00:00,2024-04-17,11:00:00
State Employment and Unemployment (Monthly),2024-04-19,11:00:00,2024-04-19,11:00:00
College Enrollment and Work Activity of High School Graduates,2024-04-23,11:00:00,2024-04-23,11:00:00
Employment Characteristics of Families,2024-04-24,11:00:00,2024-04-24,11:00:00
Quarterly Data Series on Business Employment Dynamics,2024-04-24,11:00:00,2024-04-24,11:00:00
Employment Cost Index,2024-04-30,9:30:00,2024-04-30,9:30:00
Metropolitan Area Employment and Unemployment (Monthly),2024-05-01,11:00:00,2024-05-01,11:00:00
Job Openings and Labor Turnover Survey,2024-05-01,11:00:00,2024-05-01,11:00:00
Productivity and Costs,2024-05-02,9:30:00,2024-05-02,9:30:00
Employment Situation,2024-05-03,9:30:00,2024-05-03,9:30:00
Producer Price Index,2024-05-14,9:30:00,2024-05-14,9:30:00
Real Earnings,2024-05-15,9:30:00,2024-05-15,9:30:00
Consumer Price Index,2024-05-15,9:30:00,2024-05-15,9:30:00
U.S. Import and Export Price Indexes,2024-05-16,9:30:00,2024-05-16,9:30:00
State Job Openings and Labor Turnover,2024-05-17,11:00:00,2024-05-17,11:00:00
State Employment and Unemployment (Monthly),2024-05-17,11:00:00,2024-05-17,11:00:00
Labor Force Characteristics of Foreign-born Workers,2024-05-21,11:00:00,2024-05-21,11:00:00
County Employment and Wages,2024-05-22,11:00:00,2024-05-22,11:00:00
Metropolitan Area Employment and Unemployment (Monthly),2024-05-29,11:00:00,2024-05-29,11:00:00
Job Openings and Labor Turnover Survey,2024-06-04,11:00:00,2024-06-04,11:00:00
Productivity and Costs,2024-06-06,9:30:00,2024-06-06,9:30:00
Employment Situation,2024-06-07,9:30:00,2024-06-07,9:30:00
Consumer Price Index,2024-06-12,9:30:00,2024-06-12,9:30:00
Real Earnings,2024-06-12,9:30:00,2024-06-12,9:30:00
Producer Price Index,2024-06-13,9:30:00,2024-06-13,9:30:00
U.S. Import and Export Price Indexes,2024-06-14,9:30:00,2024-06-14,9:30:00
State Job Openings and Labor Turnover,2024-06-18,11:00:00,2024-06-18,11:00:00
Employer Costs for Employee Compensation,2024-06-18,11:00:00,2024-06-18,11:00:00
State Employment and Unemployment (Monthly),2024-06-25,11:00:00,2024-06-25,11:00:00
American Time Use Survey,2024-06-27,11:00:00,2024-06-27,11:00:00
Job Openings and Labor Turnover Survey,2024-07-02,11:00:00,2024-07-02,11:00:00
Metropolitan Area Employment and Unemployment (Monthly),2024-07-03,11:00:00,2024-07-03,11:00:00
Employment Situation,2024-07-05,9:30:00,2024-07-05,9:30:00
Consumer Price Index,2024-07-11,9:30:00,2024-07-11,9:30:00
Real Earnings,2024-07-11,9:30:00,2024-07-11,9:30:00
Producer Price Index,2024-07-12,9:30:00,2024-07-12,9:30:00
U.S. Import and Export Price Indexes,2024-07-16,9:30:00,2024-07-16,9:30:00
Usual Weekly Earnings of Wage and Salary Workers,2024-07-17,11:00:00,2024-07-17,11:00:00
State Employment and Unemployment (Monthly),2024-07-19,11:00:00,2024-07-19,11:00:00
Quarterly Data Series on Business Employment Dynamics,2024-07-24,11:00:00,2024-07-24,11:00:00
State Job Openings and Labor Turnover,2024-07-24,11:00:00,2024-07-24,11:00:00
Metropolitan Area Employment and Unemployment (Monthly),2024-07-30,11:00:00,2024-07-30,11:00:00
Job Openings and Labor Turnover Survey,2024-07-30,11:00:00,2024-07-30,11:00:00
Employment Cost Index,2024-07-31,9:30:00,2024-07-31,9:30:00
Productivity and Costs,2024-08-01,9:30:00,2024-08-01,9:30:00
Employment Situation,2024-08-02,9:30:00,2024-08-02,9:30:00
Producer Price Index,2024-08-13,9:30:00,2024-08-13,9:30:00
Real Earnings,2024-08-14,9:30:00,2024-08-14,9:30:00
Consumer Price Index,2024-08-14,9:30:00,2024-08-14,9:30:00
U.S. Import and Export Price Indexes,2024-08-15,9:30:00,2024-08-15,9:30:00
State Job Openings and Labor Turnover,2024-08-16,11:00:00,2024-08-16,11:00:00
State Employment and Unemployment (Monthly),2024-08-16,11:00:00,2024-08-16,11:00:00
Summer Youth Labor Force,2024-08-20,11:00:00,2024-08-20,11:00:00
County Employment and Wages,2024-08-21,11:00:00,2024-08-21,11:00:00
"Number of Jobs, Labor Market Experience, Marital Status, and Health for those Born 1957-1964",2024-08-22,11:00:00,2024-08-22,11:00:00
Metropolitan Area Employment and Unemployment (Monthly),2024-08-28,11:00:00,2024-08-28,11:00:00
Worker Displacement,2024-08-29,11:00:00,2024-08-29,11:00:00
Employment Projections and Occupational Outlook Handbook,2024-08-29,11:00:00,2024-08-29,11:00:00
Job Openings and Labor Turnover Survey,2024-09-04,11:00:00,2024-09-04,11:00:00
Productivity and Costs,2024-09-05,9:30:00,2024-09-05,9:30:00
Employment Situation,2024-09-06,9:30:00,2024-09-06,9:30:00
Consumer Expenditures (Annual),2024-09-10,11:00:00,2024-09-10,11:00:00
Employer Costs for Employee Compensation,2024-09-10,11:00:00,2024-09-10,11:00:00
Real Earnings,2024-09-11,9:30:00,2024-09-11,9:30:00
Consumer Price Index,2024-09-11,9:30:00,2024-09-11,9:30:00
Producer Price Index,2024-09-12,9:30:00,2024-09-12,9:30:00
U.S. Import and Export Price Indexes,2024-09-13,9:30:00,2024-09-13,9:30:00
State Job Openings and Labor Turnover,2024-09-17,11:00:00,2024-09-17,11:00:00
Employee Benefits in the United States,2024-09-19,11:00:00,2024-09-19,11:00:00
State Employment and Unemployment (Monthly),2024-09-20,11:00:00,2024-09-20,11:00:00
Job Openings and Labor Turnover Survey,2024-10-01,11:00:00,2024-10-01,11:00:00
Metropolitan Area Employment and Unemployment (Monthly),2024-10-02,11:00:00,2024-10-02,11:00:00
Employment Situation,2024-10-04,9:30:00,2024-10-04,9:30:00
Real Earnings,2024-10-10,9:30:00,2024-10-10,9:30:00
Consumer Price Index,2024-10-10,9:30:00,2024-10-10,9:30:00
Producer Price Index,2024-10-11,9:30:00,2024-10-11,9:30:00
U.S. Import and Export Price Indexes,2024-10-16,9:30:00,2024-10-16,9:30:00
Usual Weekly Earnings of Wage and Salary Workers,2024-10-17,11:00:00,2024-10-17,11:00:00
State Job Openings and Labor Turnover,2024-10-17,11:00:00,2024-10-17,11:00:00
State Employment and Unemployment (Monthly),2024-10-22,11:00:00,2024-10-22,11:00:00
Job Openings and Labor Turnover Survey,2024-10-29,11:00:00,2024-10-29,11:00:00
Quarterly Data Series on Business Employment Dynamics,2024-10-30,11:00:00,2024-10-30,11:00:00
Metropolitan Area Employment and Unemployment (Monthly),2024-10-30,11:00:00,2024-10-30,11:00:00
Employment Cost Index,2024-10-31,9:30:00,2024-10-31,9:30:00
Employment Situation,2024-11-01,9:30:00,2024-11-01,9:30:00
Productivity and Costs,2024-11-07,10:30:00,2024-11-07,10:30:00
Employer-Reported Workplace Injuries and Illnesses (Annual),2024-11-09, 12:00:00,2024-11-09, 12:00:00
Real Earnings,2024-11-13,10:30:00,2024-11-13,10:30:00
Consumer Price Index,2024-11-13,10:30:00,2024-11-13,10:30:00
Producer Price Index,2024-11-14,10:30:00,2024-11-14,10:30:00
U.S. Import and Export Price Indexes,2024-11-15,10:30:00,2024-11-15,10:30:00
Occupational Requirements in the United States  ,2024-11-20, 12:00:00,2024-11-20, 12:00:00
State Employment and Unemployment (Monthly),2024-11-20, 12:00:00,2024-11-20, 12:00:00
State Job Openings and Labor Turnover,2024-11-21, 12:00:00,2024-11-21, 12:00:00
County Employment and Wages,2024-11-21, 12:00:00,2024-11-21, 12:00:00
Metropolitan Area Employment and Unemployment (Monthly),2024-11-28, 12:00:00,2024-11-28, 12:00:00
Job Openings and Labor Turnover Survey,2024-12-04, 12:00:00,2024-12-04, 12:00:00
Employment Situation,2024-12-06,10:30:00,2024-12-06,10:30:00
Productivity and Costs,2024-12-10,10:30:00,2024-12-10,10:30:00
Real Earnings,2024-12-11,10:30:00,2024-12-11,10:30:00
Consumer Price Index,2024-12-11,10:30:00,2024-12-11,10:30:00
Producer Price Index,2024-12-12,10:30:00,2024-12-12,10:30:00
U.S. Import and Export Price Indexes,2024-12-13,10:30:00,2024-12-13,10:30:00
Employer Costs for Employee Compensation,2024-12-18, 12:00:00,2024-12-18, 12:00:00
State Job Openings and Labor Turnover,2024-12-18, 12:00:00,2024-12-18, 12:00:00
Work Experience of the Population (Annual),2024-12-19, 12:00:00,2024-12-19, 12:00:00
Census of Fatal Occupational Injuries,2024-12-20, 12:00:00,2024-12-20, 12:00:00
State Employment and Unemployment (Monthly),2024-12-21, 12:00:00,2024-12-21, 12:00:00
